<?xml version="1.0" encoding="UTF-8"?>
<!DOCTYPE hibernate-mapping PUBLIC
        "-//Hibernate/Hibernate Mapping DTD 3.0//EN"
        "http://www.hibernate.org/dtd/hibernate-mapping-3.0.dtd">
<hibernate-mapping>
    <class name="com.demo.oneToMany.Author" table="Author">
        <id name="authorId" column="Id">
            <generator class="increment"></generator>
        </id>
        <property name="authorName" column="Name" type="string"/>
        <property name="authorEmail" column="Email" type="string"/>
        <set name="books" table="Book" cascade="all">
            <key column="bookId"></key>
            <one-to-many class="com.demo.oneToMany.Book"></one-to-many>
        </set>
    </class>
</hibernate-mapping>