<?xml version="1.0" encoding="UTF-8"?>
<!DOCTYPE hibernate-mapping PUBLIC
        "-//Hibernate/Hibernate Mapping DTD 3.0//EN"
        "http://www.hibernate.org/dtd/hibernate-mapping-3.0.dtd">
<hibernate-mapping>
    <class name="com.demo.oneToMany.Book" table="Book">
        <id name="bookId" column="Id">
            <generator class="increment"></generator>
        </id>
        <property name="bookName" column="Name" type="string"/>
        <property name="bookPrice" column="Price" type="float"/>
    </class>
</hibernate-mapping>