<?xml version="1.0" encoding="UTF-8"?>
<!DOCTYPE hibernate-mapping PUBLIC
        "-//Hibernate/Hibernate Mapping DTD 3.0//EN"
        "http://www.hibernate.org/dtd/hibernate-mapping-3.0.dtd">
<hibernate-mapping>
    <class name = "com.demo.oneToOne.Car" table = "Car">
        <id name ="no" column = "Car_No">
<!--            <generator class="increment"></generator>-->
        </id>

        <property name="name" column="Car_Name" type="string"/>
        <property name="company" column="Car_Company" type="string"/>

    </class>
</hibernate-mapping>