<?xml version="1.0" encoding="UTF-8"?>
<!DOCTYPE hibernate-mapping PUBLIC
        "-//Hibernate/Hibernate Mapping DTD 3.0//EN"
        "http://www.hibernate.org/dtd/hibernate-mapping-3.0.dtd">
<hibernate-mapping>
    <class name="com.demo.manyToMany.Cart" table="Cart">
        <id name="cartId" column="cartId">
            <generator class="increment"></generator>
        </id>
        <property name="cartPartner" column="Partner" type="string"/>
        <property name="cartType" column="Type" type="string"/>
        <set name="items" table="keyinfo" cascade="all">
            <key column="cartId"></key>
            <many-to-many class="com.demo.manyToMany.Item" column="itemId"></many-to-many>
        </set>
    </class>
</hibernate-mapping>