<?xml version="1.0" encoding="UTF-8"?>
<!DOCTYPE hibernate-configuration SYSTEM
        "http://www.hibernate.org/dtd/hibernate-configuration-3.0.dtd">
<hibernate-configuration>
    <session-factory>

        <property name="hibernate.connection.driver_class">org.postgresql.Driver</property>
        <property name="hibernate.connection.url">jdbc:postgresql://localhost:5432/postgres</property>
        <property name="hibernate.connection.username">postgres</property>
        <property name="hibernate.connection.password">Baswa@123</property>
        <property name="hibernate.dialect">org.hibernate.dialect.PostgreSQLDialect</property>
        <property name="hibernate.hbm2ddl.auto">create</property>
        <property name="hibernate.show_sql">true</property>
        <property name="hibernate.format_sql">true</property>
<!--        <mapping resource="Owner.hbm.xml"/>-->
<!--        <mapping resource="Car.hbm.xml"/>-->
<!--        <mapping resource="author.hbm.xml"/>-->
<!--        <mapping resource="book.hbm.xml"/>-->
<!--        <mapping resource="teacher.hbm.xml"/>-->
<!--        <mapping resource="department.hbm.xml"/>-->
        <mapping resource="item.hbm.xml"/>
        <mapping resource="cart.hbm.xml"/>

    </session-factory>
</hibernate-configuration>