<?xml version="1.0" encoding="UTF-8"?>
<!DOCTYPE hibernate-mapping PUBLIC
        "-//Hibernate/Hibernate Mapping DTD 3.0//EN"
        "http://www.hibernate.org/dtd/hibernate-mapping-3.0.dtd">
<hibernate-mapping>
    <class name="com.demo.manyToMany.Item" table="Item">
        <id name="itemId" column="itemId">
            <generator class="increment"></generator>
        </id>
        <property name="itemName" column="Name" type="string"/>
        <property name="itemPrice" column="Price" type="float"/>
        <set name="carts" table="keyinfo" cascade="all">
            <key column="itemId"></key>
            <many-to-many class="com.demo.manyToMany.Cart" column="cartId"></many-to-many>
        </set>
    </class>
</hibernate-mapping>