<?xml version="1.0" encoding="UTF-8"?>
<!DOCTYPE hibernate-mapping PUBLIC
        "-//Hibernate/Hibernate Mapping DTD 3.0//EN"
        "http://www.hibernate.org/dtd/hibernate-mapping-3.0.dtd">
<hibernate-mapping>
    <class name="com.demo.oneToOne.Owner" table="Owner">
        <id name="id" column="Id">
            <generator class="increment"></generator>
        </id>
        <property name="name" column="Owner_Name" type="string"/>
        <property name="address" column="Owner_Address" type="string"/>
        <one-to-one name="car" class="com.demo.oneToOne.Car" cascade="all" foreign-key="FK_person_address">
        </one-to-one>
    </class>
</hibernate-mapping>