<?xml version="1.0" encoding="UTF-8"?>
<!DOCTYPE hibernate-mapping PUBLIC
        "-//Hibernate/Hibernate Mapping DTD 3.0//EN"
        "http://www.hibernate.org/dtd/hibernate-mapping-3.0.dtd">
<hibernate-mapping>
    <class name="com.demo.manyToOne.Teacher" table="Teacher">
        <id name="teacherId" column="Id" >
            <generator class="increment"></generator>
        </id>
        <property name="teacherName" column="Name" type="string"></property>
        <property name="teacherEmail" column="Email" type="string"></property>
        <many-to-one name="Department" column="deptId" cascade="all"></many-to-one>
    </class>
</hibernate-mapping>